StartDate,EndDate,Status,IPAddress,Progress,Duration (in seconds),Finished,RecordedDate,ResponseId,RecipientLastName,RecipientFirstName,RecipientEmail,ExternalReference,LocationLatitude,LocationLongitude,DistributionChannel,UserLanguage,SLWS_1,SLWS_2,SLWS_3,SLWS_4,SLWS_5,NRS_1,NRS_2,NRS_3,NRS_4,NRS_5,physical_1,hours,acess_1,acess_2,acess_3,Q_DataPolicyViolations
Start Date,End Date,Response Type,IP Address,Progress,Duration (in seconds),Finished,Recorded Date,Response ID,Recipient Last Name,Recipient First Name,Recipient Email,External Data Reference,Location Latitude,Location Longitude,Distribution Channel,User Language,"This survey is completely anonymous.

Below are five statements that you may agree or disagree with. Indicate your agreement with each item by
tapping the appropriate box, from strongly agree, to strongly disagree. Please be open and honest in your
responding. - In most ways my life is close to my ideal.","This survey is completely anonymous.

Below are five statements that you may agree or disagree with. Indicate your agreement with each item by
tapping the appropriate box, from strongly agree, to strongly disagree. Please be open and honest in your
responding. - The conditions of my life are excellent","This survey is completely anonymous.

Below are five statements that you may agree or disagree with. Indicate your agreement with each item by
tapping the appropriate box, from strongly agree, to strongly disagree. Please be open and honest in your
responding. - I am satisfied with my life","This survey is completely anonymous.

Below are five statements that you may agree or disagree with. Indicate your agreement with each item by
tapping the appropriate box, from strongly agree, to strongly disagree. Please be open and honest in your
responding. - So far I have gotten the important things I want in life","This survey is completely anonymous.

Below are five statements that you may agree or disagree with. Indicate your agreement with each item by
tapping the appropriate box, from strongly agree, to strongly disagree. Please be open and honest in your
responding. - If I could live my life over, I would change almost nothing","Below are five statements that you may agree or disagree with. Indicate your agreement with each item by
tapping the appropriate box, from strongly agree, to strongly disagree. Please be open and honest in your
responding. - I enjoy being outdoors, even in unpleasant weather","Below are five statements that you may agree or disagree with. Indicate your agreement with each item by
tapping the appropriate box, from strongly agree, to strongly disagree. Please be open and honest in your
responding. - I always think about how my actions affect the environment","Below are five statements that you may agree or disagree with. Indicate your agreement with each item by
tapping the appropriate box, from strongly agree, to strongly disagree. Please be open and honest in your
responding. - I take notice of wildlife wherever I am","Below are five statements that you may agree or disagree with. Indicate your agreement with each item by
tapping the appropriate box, from strongly agree, to strongly disagree. Please be open and honest in your
responding. - My relationship with nature is an important part of who I am","Below are five statements that you may agree or disagree with. Indicate your agreement with each item by
tapping the appropriate box, from strongly agree, to strongly disagree. Please be open and honest in your
responding. - I feel very connected to all living things and the earth","Please rate your physical activity level on a scale from 1 to 10, with 1 being not very active at all and 10 being extremely active. Please be honest about your answers. - Physical Actvity Level","On average, how many hours of physical activity do you complete per week? Please answer with a whole number.","For the following statements, please keep in mind the location you spend the majority of your year in( Ex. college campus vs home neighborhood). Indicate your agreement with each item by tapping the appropriate box, from strongly agree, to strongly disagree. Please be open and honest in your responding. 

Green Space is an area of grass, trees, or other vegetation set apart for recreational or aesthetic purposes in an otherwise urban environment. - I have regular access to green spaces within my comunity","For the following statements, please keep in mind the location you spend the majority of your year in( Ex. college campus vs home neighborhood). Indicate your agreement with each item by tapping the appropriate box, from strongly agree, to strongly disagree. Please be open and honest in your responding. 

Green Space is an area of grass, trees, or other vegetation set apart for recreational or aesthetic purposes in an otherwise urban environment. - I am satisfied with my communities green spaces","For the following statements, please keep in mind the location you spend the majority of your year in( Ex. college campus vs home neighborhood). Indicate your agreement with each item by tapping the appropriate box, from strongly agree, to strongly disagree. Please be open and honest in your responding. 

Green Space is an area of grass, trees, or other vegetation set apart for recreational or aesthetic purposes in an otherwise urban environment. - I frequently utilize the green spaces near me",Q_DataPolicyViolations
"{""ImportId"":""startDate"",""timeZone"":""America/New_York""}","{""ImportId"":""endDate"",""timeZone"":""America/New_York""}","{""ImportId"":""status""}","{""ImportId"":""ipAddress""}","{""ImportId"":""progress""}","{""ImportId"":""duration""}","{""ImportId"":""finished""}","{""ImportId"":""recordedDate"",""timeZone"":""America/New_York""}","{""ImportId"":""_recordId""}","{""ImportId"":""recipientLastName""}","{""ImportId"":""recipientFirstName""}","{""ImportId"":""recipientEmail""}","{""ImportId"":""externalDataReference""}","{""ImportId"":""locationLatitude""}","{""ImportId"":""locationLongitude""}","{""ImportId"":""distributionChannel""}","{""ImportId"":""userLanguage""}","{""ImportId"":""QID1_1""}","{""ImportId"":""QID1_2""}","{""ImportId"":""QID1_3""}","{""ImportId"":""QID1_4""}","{""ImportId"":""QID1_5""}","{""ImportId"":""QID9_1""}","{""ImportId"":""QID9_2""}","{""ImportId"":""QID9_3""}","{""ImportId"":""QID9_4""}","{""ImportId"":""QID9_5""}","{""ImportId"":""QID5_1""}","{""ImportId"":""QID7_TEXT""}","{""ImportId"":""QID11_1""}","{""ImportId"":""QID11_2""}","{""ImportId"":""QID11_3""}","{""ImportId"":""Q_DataPolicyViolations""}"
2024-12-05 22:44:42,2024-12-05 22:47:16,0,73.39.59.76,100,153,1,2024-12-05 22:47:16,R_1RaGJhjuUUvYKIi,,,,,38.957,-76.9144,anonymous,EN,3,3,3,6,5,2,3,5,4,3,6,5,1,2,3,
2024-12-09 14:08:49,2024-12-09 14:09:40,0,129.2.193.158,100,50,1,2024-12-09 14:09:41,R_58OLfNxOvcXOnH9,,,,,38.9965,-76.934,anonymous,EN,4,4,4,4,4,4,4,4,4,4,8,6,4,4,4,
2024-12-09 15:43:34,2024-12-09 15:44:58,0,174.219.233.209,100,83,1,2024-12-09 15:44:58,R_6sTudSk8IFabDPX,,,,,39.0005,-76.9712,anonymous,EN,5,4,5,4,7,2,2,1,2,2,8,15,3,6,2,
2024-12-09 15:45:33,2024-12-09 15:46:33,0,129.2.89.217,100,60,1,2024-12-09 15:46:34,R_14fwZV07iZEMksp,,,,,38.9965,-76.934,anonymous,EN,3,3,3,2,5,4,3,2,4,4,8,12,4,4,4,
2024-12-09 15:47:07,2024-12-09 15:48:16,0,172.56.3.7,100,68,1,2024-12-09 15:48:16,R_7VW56Kp6tQ29dIt,,,,,38.9034,-76.9882,anonymous,EN,3,2,3,1,6,6,3,3,5,3,6,10,1,1,5,
2024-12-09 15:48:19,2024-12-09 15:49:40,0,174.225.250.229,100,80,1,2024-12-09 15:49:40,R_7FJQxnTgN0Nkx0k,,,,,36.1868,-86.5067,anonymous,EN,5,4,3,3,7,2,4,6,4,5,5,4,2,1,5,
2024-12-09 15:50:59,2024-12-09 15:52:06,0,129.2.89.180,100,66,1,2024-12-09 15:52:06,R_5EurDMs0dM7FOqT,,,,,38.9965,-76.934,anonymous,EN,2,2,2,2,2,2,2,3,2,2,7,5,1,1,1,
2024-12-09 15:51:45,2024-12-09 15:54:49,0,71.163.124.86,100,183,1,2024-12-09 15:54:50,R_5zzMyH5jrLmTNjH,,,,,39.0851,-77.059,anonymous,EN,2,2,2,1,2,2,2,2,3,2,7,2.5 hours,1,2,1,
2024-12-09 15:54:33,2024-12-09 15:56:54,0,108.28.163.118,100,141,1,2024-12-09 15:56:55,R_17Ph0LoYa6aNhaj,,,,,39.068,-76.9933,anonymous,EN,4,3,3,5,5,2,3,3,4,4,4,4,3,4,5,
2024-12-09 15:54:36,2024-12-09 16:01:35,0,71.163.124.86,100,419,1,2024-12-09 16:01:35,R_3DSlVEr1dgOoIQF,,,,,39.0851,-77.059,anonymous,EN,2,1,2,2,2,3,2,3,4,4,6,2,1,1,2,
2024-12-09 16:01:36,2024-12-09 16:03:40,0,71.163.124.86,100,124,1,2024-12-09 16:03:41,R_1C68wrLizmz1tkt,,,,,39.0851,-77.059,anonymous,EN,2,2,2,2,3,4,3,2,3,3,5,2,2,2,3,
2024-12-09 16:03:13,2024-12-09 16:05:07,0,129.2.89.95,100,114,1,2024-12-09 16:05:08,R_3A9yNuLliyXzHmV,,,,,38.9965,-76.934,anonymous,EN,2,1,2,1,3,2,2,2,3,3,7,6,2,3,2,
2024-12-09 16:02:10,2024-12-09 16:05:12,0,76.86.1.224,100,181,1,2024-12-09 16:05:12,R_3D0rcCY34kckCNS,,,,,34.0757,-118.3161,anonymous,EN,3,2,4,3,3,5,6,3,6,6,6,5,6,6,6,
2024-12-09 16:05:09,2024-12-09 16:05:16,0,129.2.89.27,100,7,1,2024-12-09 16:05:16,R_3TNyUgzs6BVev6e,,,,,38.9965,-76.934,anonymous,EN,,,,,,,,,,,,,,,,
2024-12-09 15:53:28,2024-12-09 16:07:34,0,108.28.245.172,100,846,1,2024-12-09 16:07:35,R_51cPglVneuebRxW,,,,,39.1585,-77.0837,anonymous,EN,4,3,5,4,5,3,3,1,2,2,6,5 hours,2,5,3,
2024-12-09 16:06:23,2024-12-09 16:07:34,0,71.178.28.81,100,71,1,2024-12-09 16:07:35,R_53142fVZXU55Ajx,,,,,38.8597,-77.198,anonymous,EN,2,1,2,1,2,2,3,3,3,2,,7,1,1,1,
2024-12-09 16:09:02,2024-12-09 16:10:05,0,129.2.89.222,100,62,1,2024-12-09 16:10:06,R_1P5aWWGMj3tVjRx,,,,,38.9965,-76.934,anonymous,EN,4,3,3,4,6,3,3,3,3,3,5,7,2,2,2,
2024-12-09 16:13:00,2024-12-09 16:16:42,0,100.16.91.24,100,221,1,2024-12-09 16:16:42,R_3vmk09WcVRiVB05,,,,,39.0427,-76.4346,anonymous,EN,2,1,1,1,3,3,6,2,5,4,3,5,2,2,3,
2024-12-09 16:16:01,2024-12-09 16:18:25,0,129.2.192.248,100,144,1,2024-12-09 16:18:26,R_1qDeI87p3OYBXhO,,,,,38.9965,-76.934,anonymous,EN,1,2,1,1,3,7,3,1,3,2,7,7,3,3,6,
2024-12-09 16:25:18,2024-12-09 16:27:03,0,108.31.211.145,100,105,1,2024-12-09 16:27:03,R_5CZqHTDzDRm9arD,,,,,39.037,-77.0412,anonymous,EN,2,2,3,2,5,3,3,2,1,1,7,8,2,3,2,
2024-12-09 16:26:44,2024-12-09 16:30:32,0,52.124.33.177,100,228,1,2024-12-09 16:30:32,R_7lAfkFSZ10mf2sq,,,,,38.994,-76.9519,anonymous,EN,5,3,6,7,7,5,3,1,3,3,7,4,3,3,6,
2024-12-09 16:30:57,2024-12-09 16:34:23,0,129.2.89.196,100,205,1,2024-12-09 16:34:23,R_5s6VEu6IpGYfRXA,,,,,38.9965,-76.934,anonymous,EN,2,2,2,2,5,3,4,3,3,4,6,5,2,2,2,
2024-12-09 16:34:15,2024-12-09 16:36:42,0,172.56.33.194,100,147,1,2024-12-09 16:36:43,R_5ps40Oaavp9wtwd,,,,,38.8892,-76.9417,anonymous,EN,3,2,3,3,6,1,6,3,3,6,9,15,1,1,3,
2024-12-09 16:38:01,2024-12-09 16:40:25,0,24.104.71.67,100,143,1,2024-12-09 16:40:25,R_7jJLZUD7X4SGQsP,,,,,34.1624,-118.1275,anonymous,EN,4,3,2,3,4,3,3,3,4,4,8,7,2,3,5,
2024-12-09 17:38:52,2024-12-09 17:40:09,0,129.2.89.66,100,76,1,2024-12-09 17:40:09,R_6iUx0aJOpEHF5IJ,,,,,38.9965,-76.934,anonymous,EN,1,2,4,2,2,5,3,3,6,3,3,7,4,3,7,
2024-12-09 17:50:38,2024-12-09 17:52:01,0,129.2.192.97,100,82,1,2024-12-09 17:52:02,R_3Ll8haaQyfVI4rD,,,,,38.9965,-76.934,anonymous,EN,2,2,2,3,2,5,2,3,3,3,4,8,2,2,2,
2024-12-09 17:59:43,2024-12-09 18:00:45,0,129.2.89.192,100,62,1,2024-12-09 18:00:46,R_1rizkWVjVuDlnHl,,,,,38.9965,-76.934,anonymous,EN,3,2,5,4,5,5,5,3,6,6,3,3,6,6,6,
2024-12-09 17:59:30,2024-12-09 18:00:59,0,129.2.89.63,100,88,1,2024-12-09 18:00:59,R_5qQXi6ettlHF4a2,,,,,38.9965,-76.934,anonymous,EN,3,3,3,2,5,2,2,6,2,2,6,8,,,,
2024-12-09 17:51:01,2024-12-09 18:02:42,0,71.121.213.103,100,701,1,2024-12-09 18:02:42,R_67KvEKLOL9XAVix,,,,,39.211,-76.8362,anonymous,EN,5,3,4,5,5,5,2,3,3,2,5,14,2,3,4,
2024-12-09 18:57:14,2024-12-09 18:58:46,0,24.104.71.67,100,91,1,2024-12-09 18:58:46,R_7OTjSFZZOMAfWU0,,,,,34.1624,-118.1275,anonymous,EN,3,5,4,3,6,5,3,3,5,3,3,,,,,
2024-12-09 19:19:44,2024-12-09 19:22:21,0,173.59.37.94,100,156,1,2024-12-09 19:22:22,R_5M0JojUQedD7dKx,,,,,39.9664,-75.1685,anonymous,EN,1,1,2,1,2,1,3,3,6,5,6,4,1,1,1,
2024-12-09 20:03:41,2024-12-09 20:06:30,0,50.169.94.142,100,168,1,2024-12-09 20:06:30,R_1uHyUnGxI2UI6Nb,,,,,38.9965,-76.934,anonymous,EN,6,3,5,1,7,5,2,4,7,7,3,6,3,2,6,
2024-12-09 20:22:01,2024-12-09 20:33:40,0,174.192.199.239,100,698,1,2024-12-09 20:33:40,R_1smPHRkXXZdv1IZ,,,,,39.3407,-76.6753,anonymous,EN,6,5,7,7,7,2,2,1,1,,5,7 to 8,5,6,2,
2024-12-09 20:47:59,2024-12-09 20:51:37,0,129.2.89.192,100,217,1,2024-12-09 20:51:38,R_6wuUIoGO37sukHo,,,,,38.9965,-76.934,anonymous,EN,4,3,4,6,4,3,2,5,4,4,4,5,2,2,5,
2024-12-09 21:10:47,2024-12-09 21:12:15,0,129.2.89.181,100,88,1,2024-12-09 21:12:16,R_3Y9ErxTSC5WIZG8,,,,,38.9965,-76.934,anonymous,EN,1,3,3,1,4,3,5,1,1,3,5,3,2,2,2,
2024-12-09 21:09:03,2024-12-09 21:12:44,0,71.244.144.112,100,221,1,2024-12-09 21:12:45,R_6PjLhU6lc4iMPQH,,,,,39.268,-76.851,anonymous,EN,6,6,6,6,7,5,6,3,7,6,6,4,6,4,7,
2024-12-09 21:26:39,2024-12-09 21:29:29,0,172.56.252.240,100,170,1,2024-12-09 21:29:29,R_5gUsFeXU1ltyBbu,,,,,39.8079,-86.0949,anonymous,EN,3,4,3,3,2,2,3,2,3,4,9,10,2,6,3,
2024-12-09 21:34:21,2024-12-09 21:35:56,0,108.18.192.153,100,95,1,2024-12-09 21:35:57,R_5oXvevkhnD5xe1G,,,,,39.037,-77.0412,anonymous,EN,4,2,1,3,5,2,1,2,2,3,6,4,2,1,4,
2024-12-09 22:20:19,2024-12-09 22:23:00,0,76.167.213.76,100,160,1,2024-12-09 22:23:01,R_1NpG9x9AlH0b8op,,,,,32.8595,-117.2124,anonymous,EN,3,3,2,2,2,2,5,1,2,2,7,7,3,6,3,
2024-12-09 22:31:17,2024-12-09 22:34:00,0,108.56.185.178,100,162,1,2024-12-09 22:34:01,R_5ruElsS0IrTaIJI,,,,,39.0851,-77.059,anonymous,EN,6,6,5,3,1,2,2,2,2,3,8,12,4,2,3,
2024-12-09 22:35:34,2024-12-09 22:36:35,0,129.2.89.148,100,60,1,2024-12-09 22:36:35,R_30PJnVoDKoyMJkA,,,,,38.9965,-76.934,anonymous,EN,2,1,2,2,1,2,3,1,2,1,7,3,2,3,2,
2024-12-09 23:48:19,2024-12-09 23:49:41,0,129.2.89.216,100,82,1,2024-12-09 23:49:41,R_3P5lMUul5uOmtcx,,,,,38.9965,-76.934,anonymous,EN,2,3,2,2,2,4,3,2,4,4,8,10,2,2,3,
2024-12-10 00:08:38,2024-12-10 00:10:01,0,128.4.33.8,100,83,1,2024-12-10 00:10:02,R_13BHjOVqYYxQA7e,,,,,39.7007,-75.7419,anonymous,EN,3,2,3,2,5,2,2,2,3,5,3,3,3,5,5,
2024-12-10 00:47:55,2024-12-10 00:49:23,0,131.239.200.165,100,87,1,2024-12-10 00:49:24,R_7Nq1N9UbtQQfAx5,,,,,38.9965,-76.934,anonymous,EN,3,3,3,3,2,2,5,5,2,3,7,10,2,2,5,
2024-12-10 02:00:54,2024-12-10 02:02:44,0,173.79.23.10,100,109,1,2024-12-10 02:02:44,R_1QVEr5iSoyf55jH,,,,,39.0828,-77.1674,anonymous,EN,6,5,5,6,6,5,3,3,5,5,7,3,5,5,5,
2024-12-10 06:35:57,2024-12-10 06:38:00,0,31.94.64.70,100,123,1,2024-12-10 06:38:01,R_21cUwfOAeLDDe6U,,,,,51.5435,-0.1733,anonymous,EN,5,2,5,4,3,2,1,2,4,5,3,5,1,2,3,
2024-12-10 07:23:03,2024-12-10 07:25:05,0,45.178.72.140,100,121,1,2024-12-10 07:25:05,R_5faWJFeccY4dyzT,,,,,21.1757,-86.8489,anonymous,EN,2,1,1,1,2,2,1,2,4,4,7,15,1,2,3,
